college,channelId,videoId,title,publishedAt,score,matched_priority,kw_hits,matched_exclude,reason
Houston City College,UCwHm1fTMp6kfNN9owU62LYQ,AHzsV50YRKo,"HCCTV Up To The Minute Live: September 16, 2025",2025-09-16T17:28:23+00:00,0,False,0,False,below_min_score
Houston City College,UCwHm1fTMp6kfNN9owU62LYQ,BsZVEU9GmAI,"HCCTV Up To The Minute Live: September 15, 2025",2025-09-16T03:30:17+00:00,0,False,0,False,below_min_score
Houston City College,UCwHm1fTMp6kfNN9owU62LYQ,AtmF_NagxFA,"HCCTV Up To The Minute Live: September 12, 2025",2025-09-13T03:34:33+00:00,0,False,0,False,below_min_score
Houston City College,UCwHm1fTMp6kfNN9owU62LYQ,DKNSLi9rcaQ,"Unscripted: September 10, 2025",2025-09-12T22:10:53+00:00,1,False,1,False,below_min_score
Houston City College,UCwHm1fTMp6kfNN9owU62LYQ,k0BwRpQrFBk,Learn how an HCC financial coach can help you #wearehcc #financialcoach #financialcoaching #shorts,2025-09-12T21:59:13+00:00,-5,False,0,True,below_min_score
Houston City College,UCwHm1fTMp6kfNN9owU62LYQ,AaQDc-DICG0,The Topic: Financial Focus September 2025,2025-09-12T21:30:27+00:00,0,False,0,False,below_min_score
Houston City College,UCwHm1fTMp6kfNN9owU62LYQ,fqQfll01Pos,"HCCTV Up To The Minute Live: September 11, 2025",2025-09-12T03:33:27+00:00,1,False,1,False,below_min_score
Houston City College,UCwHm1fTMp6kfNN9owU62LYQ,xFZkRy7C7iY,"HCCTV Up To The Minute Live: September 9, 2025",2025-09-11T20:44:32+00:00,1,False,1,False,below_min_score
Houston City College,UCwHm1fTMp6kfNN9owU62LYQ,EDhjxelZ0qc,HCC partners with American College of Education,2025-09-11T19:08:39+00:00,0,False,0,False,below_min_score
Houston City College,UCwHm1fTMp6kfNN9owU62LYQ,aKw6VX4GDFY,"Unscripted: September 10, 2025",2025-09-10T17:39:06+00:00,1,False,1,False,below_min_score
Houston City College,UCwHm1fTMp6kfNN9owU62LYQ,EfAq0oetdc8,HCC hosts Fall Convocation 2025 event,2025-09-09T18:23:17+00:00,1,False,1,False,below_min_score
Houston City College,UCwHm1fTMp6kfNN9owU62LYQ,DFG2Wc_JUI4,HCC Alumni Association hosts professional photo day event,2025-09-09T16:56:06+00:00,0,False,0,False,below_min_score
Houston City College,UCwHm1fTMp6kfNN9owU62LYQ,n_Fz5u0D9sY,Get connected with the HCC Connect 2 Workforce campaign  #wearehcc #shorts #construction,2025-09-08T20:37:22+00:00,-5,False,0,True,below_min_score
Houston City College,UCwHm1fTMp6kfNN9owU62LYQ,bStNQFl712Y,"HCCTV Up To The Minute Live: September 8, 2025",2025-09-08T16:54:49+00:00,0,False,0,False,below_min_score
Houston City College,UCwHm1fTMp6kfNN9owU62LYQ,vIVM2qWBKAk,HCC is now Houston City College! #wearehcc #shorts #houstoncitycollege #hccrebrand #futureready,2025-09-06T01:02:45+00:00,-5,False,0,True,below_min_score
Houston City College,UCwHm1fTMp6kfNN9owU62LYQ,ox9FfYQvORs,HCC is a national leader in AI education  #wearehcc #shorts #houstoncitycollege #aieducation,2025-09-06T00:44:06+00:00,-5,False,0,True,below_min_score
Houston City College,UCwHm1fTMp6kfNN9owU62LYQ,rB0MlxpCrG4,Houston City College unveils bold new logo and brand identity #wearehcc #shorts #houstoncitycollege,2025-09-06T00:25:40+00:00,-5,False,0,True,below_min_score
Houston City College,UCwHm1fTMp6kfNN9owU62LYQ,C2rhe9l7eks,HCC Fall Convocation 2025 - We Are Going to the Moon: The Journey Continues,2025-09-06T00:01:07+00:00,1,False,1,False,below_min_score
Houston City College,UCwHm1fTMp6kfNN9owU62LYQ,aBtN_R1-SPM,"HCCTV Up To The Minute Live: September 4, 2025",2025-09-05T03:36:39+00:00,0,False,0,False,below_min_score
Houston City College,UCwHm1fTMp6kfNN9owU62LYQ,nbh9Oy-mtOU,So You Know: Social Justice Learning Institute  #wearehcc #shorts #socialjusticeeducation #houston,2025-09-04T15:18:04+00:00,-5,False,0,True,below_min_score
Houston City College,UCwHm1fTMp6kfNN9owU62LYQ,vUjjgHMgNEY,So You Know: Social Justice Learning Institute,2025-09-04T15:13:14+00:00,0,False,0,False,below_min_score
Houston City College,UCwHm1fTMp6kfNN9owU62LYQ,ZfKNcZN7PJY,"HCCTV Up To The Minute Live: September 3, 2025",2025-09-04T03:28:01+00:00,1,False,1,False,below_min_score
Houston City College,UCwHm1fTMp6kfNN9owU62LYQ,EM37Zlnb9mw,Get to know TASK Technologies  #wearehcc #shorts #smallbusiness #smallbusinessowner,2025-09-03T20:08:00+00:00,-5,False,0,True,below_min_score
Houston City College,UCwHm1fTMp6kfNN9owU62LYQ,X_JCj8jMZiQ,Turn maps into career moves with the HCC Geographic Information Science Program  #wearehcc #shorts,2025-09-03T19:23:38+00:00,-5,False,0,True,below_min_score
Houston City College,UCwHm1fTMp6kfNN9owU62LYQ,j3fX8OVa2Hg,Get to know HCC International Student Ambassador Hawa Moriba  #wearehcc #shorts,2025-09-02T21:35:01+00:00,-5,False,0,True,below_min_score
Houston City College,UCwHm1fTMp6kfNN9owU62LYQ,2QHqv9v8YEI,2025 Houston Art Car Parade,2025-09-02T21:33:59+00:00,0,False,0,False,below_min_score
Houston City College,UCwHm1fTMp6kfNN9owU62LYQ,nPsc-QgSgMw,HCC Fall 2025 Employee Significance Ceremony,2025-09-02T21:22:28+00:00,0,False,0,False,below_min_score
Houston City College,UCwHm1fTMp6kfNN9owU62LYQ,8ZKDPl15hGI,Celebrity chef brings wealth of knowledge and skills to HCC  #wearehcc #shorts #culinaryarts,2025-09-02T19:19:54+00:00,-5,False,0,True,below_min_score
Houston City College,UCwHm1fTMp6kfNN9owU62LYQ,BY0l4JmTV5E,"HCCTV Up To The Minute Live: September 2, 2025",2025-09-02T18:35:39+00:00,0,False,0,False,below_min_score
Houston City College,UCwHm1fTMp6kfNN9owU62LYQ,juvlzcOxVAo,HCC Chancellor Dr. Margaret Ford Fisher receives 40-Year Service Award,2025-09-02T17:26:51+00:00,0,False,0,False,below_min_score
Houston City College,UCwHm1fTMp6kfNN9owU62LYQ,nB4Dtt9BTsU,The journey from Psychology to Artificial Intelligence  #wearehcc #shorts #artificialintelligence,2025-09-02T17:03:05+00:00,-5,False,0,True,below_min_score
Houston City College,UCwHm1fTMp6kfNN9owU62LYQ,_Vlgm4fucPA,"HCCTV Up To The Minute Live: August 29, 2025",2025-08-30T03:31:44+00:00,-5,False,0,True,below_min_score
Houston City College,UCwHm1fTMp6kfNN9owU62LYQ,TXjCeHq9JZU,The Topic: Unique Paths to a New Career,2025-08-29T21:02:20+00:00,-5,False,0,True,below_min_score
Houston City College,UCwHm1fTMp6kfNN9owU62LYQ,5TdvCxyq1iI,Start your new career in weeks! #shorts #wearehcc #scholarship #scholarships #workforce,2025-08-28T22:23:58+00:00,-5,False,0,True,below_min_score
Houston City College,UCwHm1fTMp6kfNN9owU62LYQ,LFZshDFOQ1M,Take the fast track to a new career! #shorts #wearehcc  #scholarship  #scholarships  #workforce,2025-08-28T22:23:54+00:00,-5,False,0,True,below_min_score
Houston City College,UCwHm1fTMp6kfNN9owU62LYQ,mu1_WhY3DfM,Get your Commercial Driver's License! #shorts #wearehcc  #scholarship  #scholarships  #workforce,2025-08-28T22:23:50+00:00,-5,False,0,True,below_min_score
Houston City College,UCwHm1fTMp6kfNN9owU62LYQ,cFtOE5quvX0,Learn how you can join the HCC Police Academy  #wearehcc #shorts #policeacademy,2025-08-28T22:21:06+00:00,-5,False,0,True,below_min_score
Houston City College,UCwHm1fTMp6kfNN9owU62LYQ,Fkbu-k3hpYQ,Chloe Dao talks about the challenges & rewards of the fashion industry  #wearehcc #chloedao #fashion,2025-08-28T21:37:48+00:00,0,False,0,False,below_min_score
Houston City College,UCwHm1fTMp6kfNN9owU62LYQ,tkFuo4irkYo,2025 HCC VAST Academy Instructional Kick-Off Celebration,2025-08-28T21:21:50+00:00,0,False,0,False,below_min_score
Houston City College,UCwHm1fTMp6kfNN9owU62LYQ,MhAx87-HwAg,Get to know the HCC VAST Academy  #wearehcc #shorts #vast #vastacademy,2025-08-28T20:21:40+00:00,-5,False,0,True,below_min_score
Houston City College,UCwHm1fTMp6kfNN9owU62LYQ,w5gB_7BA0w8,"HCCTV Up To The Minute Live: August 28, 2025",2025-08-28T18:12:39+00:00,0,False,0,False,below_min_score
Houston City College,UCwHm1fTMp6kfNN9owU62LYQ,5T3qCFDvtSk,"HCCTV Up To The Minute Live: August 27, 2025",2025-08-28T03:30:37+00:00,0,False,0,False,below_min_score
Houston City College,UCwHm1fTMp6kfNN9owU62LYQ,sg-YJfFFrrk,HCC alum details his educational journey  #wearehcc #shorts #educationaljourney,2025-08-27T20:33:54+00:00,-5,False,0,True,below_min_score
Houston City College,UCwHm1fTMp6kfNN9owU62LYQ,Obgj3_i4QvI,Find out what's new this fall at HCC Northwest College  #wearehcc #shorts,2025-08-27T20:04:49+00:00,-5,False,0,True,below_min_score
Houston City College,UCwHm1fTMp6kfNN9owU62LYQ,1q9JRj3QgEU,Launch your career in a high-demand field! #shorts #wearehcc #scholarship #scholarships #workforce,2025-08-27T20:03:30+00:00,-5,False,0,True,below_min_score
Houston City College,UCwHm1fTMp6kfNN9owU62LYQ,wAYSwMh7m4w,Get high-demand career training & finish in one semester! #shorts #wearehcc #scholarships #workforce,2025-08-27T20:01:58+00:00,-5,False,0,True,below_min_score
Houston City College,UCwHm1fTMp6kfNN9owU62LYQ,JdWzh8W9ZyI,"Train fast for a career in Healthcare, Tech and More! #shorts #wearehcc #scholarship #scholarships",2025-08-27T20:01:52+00:00,-5,False,0,True,below_min_score
Houston City College,UCwHm1fTMp6kfNN9owU62LYQ,hW2DZgvsQP0,"HCCTV Up To The Minute Live: August 26, 2025",2025-08-27T03:28:20+00:00,0,False,0,False,below_min_score
Houston City College,UCwHm1fTMp6kfNN9owU62LYQ,Ddbg15Ezngo,HCC Southeast President & Swoop share positive message for new semester  #shorts  #backtoschool,2025-08-26T21:12:19+00:00,-5,False,0,True,below_min_score
Houston City College,UCwHm1fTMp6kfNN9owU62LYQ,MrVl6UqQLSg,Train fast for a career in manufacturing! #shorts #wearehcc #scholarship #scholarships #workforce,2025-08-26T18:18:32+00:00,-5,False,0,True,below_min_score
Houston City College,UCwHm1fTMp6kfNN9owU62LYQ,ECins9TLgII,"HCCTV Up To The Minute Live: August 25, 2025",2025-08-26T03:35:17+00:00,0,False,0,False,below_min_score
Houston City College,UCwHm1fTMp6kfNN9owU62LYQ,D3JXwGz7lSw,Talking Music on a Monday #shorts #wearehcc #musicmonday #houstonmusic #houstonmusicscene,2025-08-25T20:06:08+00:00,-5,False,0,True,below_min_score
Houston City College,UCwHm1fTMp6kfNN9owU62LYQ,N8_Q5kqxwPA,"HCCTV Up To The Minute Live: August 25, 2025",2025-08-25T17:10:47+00:00,0,False,0,False,below_min_score
Houston City College,UCwHm1fTMp6kfNN9owU62LYQ,Irk7UshQwPE,Make Every Minute Count with Up To The Minute Live!,2025-08-25T13:00:35+00:00,0,False,0,False,below_min_score
Houston City College,UCwHm1fTMp6kfNN9owU62LYQ,CrTvk0kR3vw,"HCCTV Up To The Minute Live: August 22, 2025",2025-08-23T03:31:55+00:00,1,False,1,False,below_min_score
Houston City College,UCwHm1fTMp6kfNN9owU62LYQ,llYfJ2oH0F8,Learn more about HCC’s VICEROY Program #shorts #wearehcc #viceroy,2025-08-22T22:09:16+00:00,-5,False,0,True,below_min_score
Houston City College,UCwHm1fTMp6kfNN9owU62LYQ,5dfOr5GcgVo,The Topic: Careers That Help People,2025-08-22T21:29:26+00:00,0,False,0,False,below_min_score
Houston City College,UCwHm1fTMp6kfNN9owU62LYQ,SUbLwidlXYM,HCC Northeast partners with area police and fire departments #wearehcc #shorts,2025-08-21T21:27:59+00:00,-5,False,0,True,below_min_score
Houston City College,UCwHm1fTMp6kfNN9owU62LYQ,QghhCGGr8u0,Gain courage in sales with the Mattress Mack School of Selling #wearehcc #shorts,2025-08-21T20:57:53+00:00,-5,False,0,True,below_min_score
Houston City College,UCwHm1fTMp6kfNN9owU62LYQ,dyN1MZgLtG0,"HCCTV Up To The Minute Live: August 21, 2025",2025-08-21T17:34:31+00:00,0,False,0,False,below_min_score
Houston City College,UCwHm1fTMp6kfNN9owU62LYQ,nKmx6ujqMOg,"HCCTV Up To The Minute Live: August 20, 2025",2025-08-21T03:30:14+00:00,0,False,0,False,below_min_score
Houston City College,UCwHm1fTMp6kfNN9owU62LYQ,fopnctdspLI,Make Every Minute Count with Up To The Minute Live!,2025-08-20T13:01:19+00:00,0,False,0,False,below_min_score
Houston City College,UCwHm1fTMp6kfNN9owU62LYQ,Xd-SL4bkDjI,"HCCTV Up To The Minute Live: August 19, 2025",2025-08-20T03:28:08+00:00,0,False,0,False,below_min_score
Houston City College,UCwHm1fTMp6kfNN9owU62LYQ,1Iob-wQRBoU,HCC Northeast College hosts Fall 2025 Kickoff event at Northline Campus,2025-08-19T21:36:27+00:00,0,False,0,False,below_min_score
Houston City College,UCwHm1fTMp6kfNN9owU62LYQ,3SZ5G8K5wE4,Make Every Minute Count with Up To The Minute Live!,2025-08-19T21:00:07+00:00,0,False,0,False,below_min_score
Houston City College,UCwHm1fTMp6kfNN9owU62LYQ,b-iasL2yKoc,HCC Southwest College Community Partnership Meeting at West Loop Campus,2025-08-19T19:19:49+00:00,-5,False,1,True,below_min_score
Houston City College,UCwHm1fTMp6kfNN9owU62LYQ,0rY_Tkkbrlw,HCC Southeast College Community Partnership Meeting at Eastside Campus,2025-08-19T18:46:39+00:00,-5,False,1,True,below_min_score
Houston City College,UCwHm1fTMp6kfNN9owU62LYQ,oq5aHLmU0Bo,Learn about the HCC Logistics & Global Supply Chain Management Program #shorts #logistics #wearehcc,2025-08-18T21:18:02+00:00,-5,False,0,True,below_min_score
Houston City College,UCwHm1fTMp6kfNN9owU62LYQ,il_5MQBu7Eo,"HCCTV Up To The Minute Live: August 18, 2025",2025-08-18T17:18:31+00:00,0,False,0,False,below_min_score
Houston City College,UCwHm1fTMp6kfNN9owU62LYQ,8sH-gpCjayI,The Topic: Military Education Programs,2025-08-15T21:44:16+00:00,0,False,0,False,below_min_score
Houston City College,UCwHm1fTMp6kfNN9owU62LYQ,cysoVayc9Vo,HCC Honors Amy Tan: Farewell Party,2025-08-12T19:49:46+00:00,0,False,0,False,below_min_score
Houston City College,UCwHm1fTMp6kfNN9owU62LYQ,6bevFFxJK3s,The Topic: HCC Consumer Arts and Sciences,2025-08-07T21:41:11+00:00,0,False,0,False,below_min_score
Houston City College,UCwHm1fTMp6kfNN9owU62LYQ,ZT7CeKfa8_A,Veterans’ Voice: August 2025,2025-08-06T21:14:48+00:00,1,False,1,False,below_min_score
Houston City College,UCwHm1fTMp6kfNN9owU62LYQ,FM1vy_FQ2kU,Move Your Future Forward with HCC! (Spanish),2025-08-06T18:28:28+00:00,0,False,0,False,below_min_score
Houston City College,UCwHm1fTMp6kfNN9owU62LYQ,WRBSQf5Iu7k,Move Your Future Forward with HCC!,2025-08-06T18:27:38+00:00,0,False,0,False,below_min_score
Houston City College,UCwHm1fTMp6kfNN9owU62LYQ,UFKnbgwR27w,Move Your Future Forward with HCC! (Spanish),2025-08-06T18:25:04+00:00,0,False,0,False,below_min_score
Houston City College,UCwHm1fTMp6kfNN9owU62LYQ,QQPrI2h4d2Y,Move Your Future Forward with HCC!,2025-08-06T18:23:05+00:00,0,False,0,False,below_min_score
Houston City College,UCwHm1fTMp6kfNN9owU62LYQ,9ovE9qmqTKI,Move Your Future Forward with HCC! (Spanish),2025-08-06T18:21:10+00:00,0,False,0,False,below_min_score
Houston City College,UCwHm1fTMp6kfNN9owU62LYQ,uJ7FL8f-s38,Move Your Future Forward with HCC!,2025-08-06T18:19:15+00:00,0,False,0,False,below_min_score
Houston City College,UCwHm1fTMp6kfNN9owU62LYQ,O0sJ6mZaLgI,HCC Online College Conference Rooms,2025-08-04T20:58:52+00:00,-5,False,2,True,below_min_score
Houston City College,UCwHm1fTMp6kfNN9owU62LYQ,u5IpRnugADo,ESL Phrase of the Week: I'm all ears  #houstoncommunitycollege #shorts #esl,2025-08-04T14:01:23+00:00,-5,False,0,True,below_min_score
Houston City College,UCwHm1fTMp6kfNN9owU62LYQ,CgXiA6b5sQc,ESL Phrase of the Week: I'm all ears,2025-08-04T11:00:16+00:00,0,False,0,False,below_min_score
Houston City College,UCwHm1fTMp6kfNN9owU62LYQ,AE9YzvLXu-U,HCC Southwest College Community Partnership Meeting at Missouri City Campus,2025-08-01T19:55:13+00:00,-5,False,1,True,below_min_score
Houston City College,UCwHm1fTMp6kfNN9owU62LYQ,Qu039Asymog,HCC Coleman College Community Partnership Meeting,2025-08-01T19:03:50+00:00,-5,False,1,True,below_min_score
Houston City College,UCwHm1fTMp6kfNN9owU62LYQ,NCAfNIKM_y0,2025 HCC Southwest Media Appreciation Day,2025-08-01T18:27:57+00:00,0,False,0,False,below_min_score
Houston City College,UCwHm1fTMp6kfNN9owU62LYQ,apW9BE6tAAs,"The Topic: HCC Media, Visual and Performing Arts Center of Excellence",2025-07-31T21:19:54+00:00,0,False,0,False,below_min_score
Houston City College,UCwHm1fTMp6kfNN9owU62LYQ,6mjka5rb-us,It's Your Business: #74,2025-07-29T21:18:38+00:00,0,False,0,False,below_min_score
Houston City College,UCwHm1fTMp6kfNN9owU62LYQ,syRYYJeqTB0,ESL Phrase of the Week: Max Out  #houstoncommunitycollege #shorts #esl,2025-07-28T14:01:29+00:00,-5,False,0,True,below_min_score
Houston City College,UCwHm1fTMp6kfNN9owU62LYQ,3YI9WHeBUOg,ESL Phrase of the Week: Max Out,2025-07-28T11:00:05+00:00,0,False,0,False,below_min_score
Houston City College,UCwHm1fTMp6kfNN9owU62LYQ,INUAcPRIvYE,The Topic: Financial Focus -- Getting ready for Fall,2025-07-25T07:36:30+00:00,0,False,0,False,below_min_score
Houston City College,UCwHm1fTMp6kfNN9owU62LYQ,FvdwINgAf0E,ESL Phrase of the Week: Hold On  #houstoncommunitycollege #esl #shorts,2025-07-21T14:00:32+00:00,-5,False,0,True,below_min_score
Houston City College,UCwHm1fTMp6kfNN9owU62LYQ,0hiaDS833sQ,ESL Phrase of the Week: Hold On,2025-07-21T11:00:02+00:00,0,False,0,False,below_min_score
Houston City College,UCwHm1fTMp6kfNN9owU62LYQ,DQaw2C5U1pQ,The Topic: HCC Libraries,2025-07-18T07:32:26+00:00,0,False,0,False,below_min_score
Houston City College,UCwHm1fTMp6kfNN9owU62LYQ,CVYIgs9hx8c,HCC Alumni Association: Join the HCC Eagle Network today  #houstoncommunitycollege #wearehcc #shorts,2025-07-16T20:19:21+00:00,-5,False,0,True,below_min_score
Houston City College,UCwHm1fTMp6kfNN9owU62LYQ,oPtWDSKV2NA,HCC Alumni Association: Join the HCC Eagle Network today,2025-07-16T20:13:28+00:00,0,False,0,False,below_min_score
Houston City College,UCwHm1fTMp6kfNN9owU62LYQ,ma2yr1gRpI0,ESL Phrase of the Week: Speak of the Devil  #houstoncommunitycollege #esl #shorts,2025-07-14T14:01:14+00:00,-5,False,0,True,below_min_score
Houston City College,UCwHm1fTMp6kfNN9owU62LYQ,PkR94vqXGiw,ESL Phrase of the Week: Speak of the Devil,2025-07-14T11:00:44+00:00,0,False,0,False,below_min_score
Houston City College,UCwHm1fTMp6kfNN9owU62LYQ,eO2RoMi6HPY,HCC VAST Commitment Day July 2025 #houstoncommunitycollege #shorts #wearehcc,2025-07-10T19:58:47+00:00,-5,False,0,True,below_min_score
Houston City College,UCwHm1fTMp6kfNN9owU62LYQ,ZgmKTE-ckLQ,HCC VAST Commitment Day July 2025,2025-07-10T19:27:35+00:00,0,False,0,False,below_min_score
Houston City College,UCwHm1fTMp6kfNN9owU62LYQ,QUTowbP4aBc,HCCTV takes flight via drone #drone #houstoncommunitycollege #shorts #wearehcc,2025-07-09T20:02:07+00:00,-5,False,0,True,below_min_score
Houston City College,UCwHm1fTMp6kfNN9owU62LYQ,Lf99FJMaUKU,2025 HCC Missouri City Juneteenth Celebration Workforce Symposium and Job Fair,2025-07-09T19:30:04+00:00,0,False,0,False,below_min_score
Houston City College,UCwHm1fTMp6kfNN9owU62LYQ,lelQmudI-2M,Veterans' Voice: July 2025,2025-07-08T20:53:00+00:00,-5,False,0,True,below_min_score
Houston City College,UCwHm1fTMp6kfNN9owU62LYQ,EuMHxWLL2W4,ESL Phrase of the Week: Don’t cry over spilled milk  #houstoncommunitycollege #esl #shorts,2025-07-07T14:00:20+00:00,-5,False,0,True,below_min_score
Houston City College,UCwHm1fTMp6kfNN9owU62LYQ,30hSgTstT-4,ESL Phrase of the Week: Don’t cry over spilled milk,2025-07-07T11:00:05+00:00,0,False,0,False,below_min_score
Houston City College,UCwHm1fTMp6kfNN9owU62LYQ,YuIJaYwG5c4,The Topic: VAST update,2025-07-04T07:35:39+00:00,0,False,0,False,below_min_score
Houston City College,UCwHm1fTMp6kfNN9owU62LYQ,mDTkbQIX6WU,So You Know: Ziggy Champion Kids #shorts,2025-07-03T17:47:36+00:00,-5,False,0,True,below_min_score
Houston City College,UCwHm1fTMp6kfNN9owU62LYQ,xUejQVRRJYE,So You Know: Ziggy Champion Kids,2025-07-03T17:03:19+00:00,0,False,0,False,below_min_score
Houston City College,UCwHm1fTMp6kfNN9owU62LYQ,cS6gfmMkVnQ,So You Know: The Faisal Foundation #shorts,2025-07-03T16:55:55+00:00,-5,False,0,True,below_min_score
Houston City College,UCwHm1fTMp6kfNN9owU62LYQ,gHBxBnIV5bM,So You Know: The Faisal Foundation,2025-07-03T16:48:36+00:00,0,False,0,False,below_min_score
Houston City College,UCwHm1fTMp6kfNN9owU62LYQ,G2fZNntR6w0,Gain courage in sales with the Mattress Mack School of Selling  #houstoncommunitycollege #shorts,2025-07-03T15:52:57+00:00,-5,False,0,True,below_min_score
Houston City College,UCwHm1fTMp6kfNN9owU62LYQ,EvZ5lB-KTTQ,Teacher Education Programs at HCC,2025-07-02T21:45:16+00:00,0,False,0,False,below_min_score
Houston City College,UCwHm1fTMp6kfNN9owU62LYQ,qoZFOM4tfMw,"HCCTV Up To The Minute: June 30, 2025",2025-07-01T03:30:06+00:00,0,False,0,False,below_min_score
Houston City College,UCwHm1fTMp6kfNN9owU62LYQ,uppB8yemo9k,HCC alum serves as advocate of the American Cleft Palate Craniofacial Association  #shorts #wearehcc,2025-06-30T21:47:23+00:00,-5,False,0,True,below_min_score
Houston City College,UCwHm1fTMp6kfNN9owU62LYQ,fLUbVkaMXCM,2025 HCC Staff Conference: Beyond the Horizon,2025-06-30T19:09:02+00:00,0,False,0,False,below_min_score
Houston City College,UCwHm1fTMp6kfNN9owU62LYQ,cgLQurbLs58,ESL Phrase of the Week: Cost an arm and a leg,2025-06-30T14:01:05+00:00,0,False,0,False,below_min_score
Houston City College,UCwHm1fTMp6kfNN9owU62LYQ,43RA-gnCtdc,ESL Phrase of the Week: Cost an arm and a leg,2025-06-30T11:00:15+00:00,0,False,0,False,below_min_score
Houston City College,UCwHm1fTMp6kfNN9owU62LYQ,pII2Y4sPIv0,HCC instructor works with Ocean Observatories Initiative  #houstoncommunitycollege #shorts #wearehcc,2025-06-29T22:47:19+00:00,-5,False,0,True,below_min_score
Houston City College,UCwHm1fTMp6kfNN9owU62LYQ,5H60upxoE3E,HCC Filmmaking and Music Business departments work hand in hand  #houstoncommunitycollege #shorts,2025-06-29T22:19:11+00:00,-5,False,1,True,below_min_score
Houston City College,UCwHm1fTMp6kfNN9owU62LYQ,g9arYSHNBoE,"HCCTV Up To The Minute: June 27, 2025",2025-06-28T03:33:23+00:00,1,False,1,False,below_min_score
Houston City College,UCwHm1fTMp6kfNN9owU62LYQ,7POUOEzJivg,2025 HCC Business Plan Competition Awards Ceremony,2025-06-27T23:00:18+00:00,0,False,0,False,below_min_score
Houston City College,UCwHm1fTMp6kfNN9owU62LYQ,spPpo-roO-I,2025 HCC Chamber Of Commerce Leadership Breakfast,2025-06-27T22:49:03+00:00,0,False,0,False,below_min_score
Houston City College,UCwHm1fTMp6kfNN9owU62LYQ,H_B_Jl4OLG4,"HCCTV Up To The Minute: June 25, 2025",2025-06-26T03:36:40+00:00,0,False,0,False,below_min_score
Houston City College,UCwHm1fTMp6kfNN9owU62LYQ,KhpI3mYJHOs,Bright Futures STEM Summer Day Camp Graduation ceremony,2025-06-25T21:08:20+00:00,-5,False,0,True,below_min_score
Houston City College,UCwHm1fTMp6kfNN9owU62LYQ,mGB5M-7abFY,Learn about how the HCC Faculty Academy helps students  #houstoncommunitycollege #shorts #wearehcc,2025-06-25T20:12:50+00:00,-5,False,0,True,below_min_score
Houston City College,UCwHm1fTMp6kfNN9owU62LYQ,n9C0dSPGH6c,Job market growing for Endoscopy Technicians  #houstoncommunitycollege #shorts #endoscopy #wearehcc,2025-06-24T20:49:07+00:00,-5,False,0,True,below_min_score
Houston City College,UCwHm1fTMp6kfNN9owU62LYQ,9DDgTht2SKg,"HCCTV Up To The Minute: June 24, 2025",2025-06-24T16:31:14+00:00,1,False,1,False,below_min_score
Houston City College,UCwHm1fTMp6kfNN9owU62LYQ,zwnBZyvZlNs,"HCCTV Up To The Minute: June 23, 2025",2025-06-24T03:29:21+00:00,1,False,1,False,below_min_score
Houston City College,UCwHm1fTMp6kfNN9owU62LYQ,xdXmYUXdnM4,Remembering Sheila Jackson Lee  #houstoncommunitycollege #shorts #wearehcc,2025-06-23T18:33:32+00:00,-5,False,0,True,below_min_score
Houston City College,UCwHm1fTMp6kfNN9owU62LYQ,lrTO_UXgTkg,ESL Phrase of the Week: Once in a Blue Moon  #houstoncommunitycollege #shorts #esl,2025-06-23T14:01:21+00:00,-5,False,0,True,below_min_score
Houston City College,UCwHm1fTMp6kfNN9owU62LYQ,7lTiM20pNb0,ESL Phrase of the Week: Once in a Blue Moon,2025-06-23T11:00:22+00:00,0,False,0,False,below_min_score
Houston City College,UCwHm1fTMp6kfNN9owU62LYQ,TExkW5wwS9U,"HCCTV Up To The Minute: June 20, 2025",2025-06-21T03:29:45+00:00,1,False,1,False,below_min_score
Houston City College,UCwHm1fTMp6kfNN9owU62LYQ,2pcSBqxkwSI,Growing up with Beatlemania #houstoncommunitycollege #shorts #beatlesmania #beatles #beatlesfans,2025-06-20T18:50:25+00:00,-5,False,0,True,below_min_score
Houston City College,UCwHm1fTMp6kfNN9owU62LYQ,t4TpKz0HbaI,"HCCTV Up To The Minute: June 18, 2025",2025-06-19T03:31:28+00:00,0,False,0,False,below_min_score
Houston City College,UCwHm1fTMp6kfNN9owU62LYQ,lTdWscnZcpg,HCC Coleman College hosts Bright Futures STEM Summer Day Camp,2025-06-18T21:39:54+00:00,0,False,0,False,below_min_score
Houston City College,UCwHm1fTMp6kfNN9owU62LYQ,6MEBWqpMUgI,Credentials of Value: Muskaan Shahzad,2025-06-18T21:00:07+00:00,0,False,0,False,below_min_score
Houston City College,UCwHm1fTMp6kfNN9owU62LYQ,fhu587-h6Wo,HCC seeks to offer certificate in Philosophy of AI #houstoncommunitycollege #shorts #ai #philosophy,2025-06-18T18:42:56+00:00,-5,False,0,True,below_min_score
Houston City College,UCwHm1fTMp6kfNN9owU62LYQ,IXAueR1ybws,HCC Police Chief provides some summer safety tips #houstoncommunitycollege #shorts #summersafety,2025-06-18T18:23:53+00:00,-5,False,0,True,below_min_score
Houston City College,UCwHm1fTMp6kfNN9owU62LYQ,ge1E19gaZEw,"HCCTV Up To The Minute: June 17, 2025",2025-06-18T03:30:11+00:00,0,False,0,False,below_min_score
Houston City College,UCwHm1fTMp6kfNN9owU62LYQ,nMzC5wsZXJA,HCC's Digital & Information Technology programs are ranked nationally   #houstoncommunitycollege,2025-06-17T19:04:37+00:00,0,False,0,False,below_min_score
Houston City College,UCwHm1fTMp6kfNN9owU62LYQ,mLU0we5qphs,JUNETEENTH: HCC Celebrates Freedom through the Arts,2025-06-17T14:30:38+00:00,0,False,0,False,below_min_score
Houston City College,UCwHm1fTMp6kfNN9owU62LYQ,ghzPbvKWLsI,"HCCTV Up To The Minute: June 16, 2025",2025-06-17T03:30:53+00:00,1,False,1,False,below_min_score
Houston City College,UCwHm1fTMp6kfNN9owU62LYQ,oaknKvLzR68,Pursue your dreams with the HCC Music program  #houstoncommunitycollege #shorts #music #wearehcc,2025-06-16T17:08:34+00:00,-5,False,0,True,below_min_score
Houston City College,UCwHm1fTMp6kfNN9owU62LYQ,b7bHzewsF5g,HCC Interior Design program hosts 3D Printing Showcase at WHI,2025-06-16T15:34:17+00:00,0,False,0,False,below_min_score
Houston City College,UCwHm1fTMp6kfNN9owU62LYQ,NM8vs-emHDA,ESL Phrase of the Week: Easy Ice  #houstoncommunitycollege #shorts #esl,2025-06-16T14:00:37+00:00,-5,False,0,True,below_min_score
Houston City College,UCwHm1fTMp6kfNN9owU62LYQ,xfnpMFgzgxw,ESL Phrase of the Week: Easy Ice,2025-06-16T11:01:36+00:00,0,False,0,False,below_min_score
Houston City College,UCwHm1fTMp6kfNN9owU62LYQ,XT8sMhTKa44,"HCCTV Up To The Minute: June 13, 2025",2025-06-14T03:29:17+00:00,0,False,0,False,below_min_score
Houston City College,UCwHm1fTMp6kfNN9owU62LYQ,SK30aDTLGmA,Southwest Alternate Media Project to host Young Filmmaker Bootcamp,2025-06-13T19:12:46+00:00,0,False,0,False,below_min_score
Houston City College,UCwHm1fTMp6kfNN9owU62LYQ,Re07iMwmXoc,The Topic: Learning Empathy,2025-06-13T07:32:38+00:00,0,False,0,False,below_min_score
Houston City College,UCwHm1fTMp6kfNN9owU62LYQ,6e6pY1JBEeM,"HCCTV Up To The Minute: June 12, 2025",2025-06-13T03:32:26+00:00,0,False,0,False,below_min_score
Houston City College,UCwHm1fTMp6kfNN9owU62LYQ,H4V6O8sSk0U,HCC Respiratory Therapy program helps meet demand in growing field  #houstoncommunitycollege #shorts,2025-06-12T18:00:08+00:00,-5,False,0,True,below_min_score
Houston City College,UCwHm1fTMp6kfNN9owU62LYQ,215o_bgaAq8,"HCCTV Up To The Minute: June 11, 2025",2025-06-12T03:29:43+00:00,0,False,0,False,below_min_score
Houston City College,UCwHm1fTMp6kfNN9owU62LYQ,f04jjHS2i4M,"HCC Southwest College West Loop Gallery hosts ""Gaming the Weather"" faculty exhibition",2025-06-11T22:11:53+00:00,0,False,0,False,below_min_score
Houston City College,UCwHm1fTMp6kfNN9owU62LYQ,fVe0N24qOSY,Interior Design goes high-tech at HCC  #houstoncommunitycollege #shorts #interiordesign #wearehcc,2025-06-11T17:21:11+00:00,-5,False,0,True,below_min_score
Houston City College,UCwHm1fTMp6kfNN9owU62LYQ,a6NcTs-dVyY,"HCCTV Up To The Minute: June 10, 2025",2025-06-11T03:31:25+00:00,0,False,0,False,below_min_score
Houston City College,UCwHm1fTMp6kfNN9owU62LYQ,giqH_274KDg,83-year-old becomes first member of her family to graduate college #houstoncommunitycollege #shorts,2025-06-10T21:54:02+00:00,-5,False,0,True,below_min_score
Houston City College,UCwHm1fTMp6kfNN9owU62LYQ,6iHcENcHTgs,It's Your Business: #73,2025-06-10T20:00:27+00:00,0,False,0,False,below_min_score
Houston City College,UCwHm1fTMp6kfNN9owU62LYQ,1lFgPh-wl84,2025 Fashion Fusion Runway Show: Arts of Asia,2025-06-10T00:45:48+00:00,0,False,0,False,below_min_score
Houston City College,UCwHm1fTMp6kfNN9owU62LYQ,jf7GxO5ezWA,HCC Central College to host screening of KHOU 11 Juneteenth special #Juneteenth #shorts #wearehcc,2025-06-09T19:05:25+00:00,-5,False,0,True,below_min_score
Houston City College,UCwHm1fTMp6kfNN9owU62LYQ,Gi7jDAUve7o,"HCCTV Up To The Minute: June 9, 2025",2025-06-09T17:18:19+00:00,0,False,0,False,below_min_score
Houston City College,UCwHm1fTMp6kfNN9owU62LYQ,R8m2J3oQ0EY,ESL Phrase of the Week: Call it a day #houstoncommunitycollege #shorts #esl,2025-06-09T14:00:46+00:00,-5,False,0,True,below_min_score
Houston City College,UCwHm1fTMp6kfNN9owU62LYQ,1RLWx_4fdPY,ESL Phrase of the Week: Call it a day,2025-06-09T11:00:03+00:00,0,False,0,False,below_min_score
Houston City College,UCwHm1fTMp6kfNN9owU62LYQ,TttDGJDvcBU,"HCCTV Up To The Minute: June 6, 2025",2025-06-07T03:31:26+00:00,0,False,0,False,below_min_score
Houston City College,UCwHm1fTMp6kfNN9owU62LYQ,n1c3b-nxre4,Ever wonder how your body really works? Find out with the HCC Biology Program  #shorts #biology,2025-06-06T19:20:23+00:00,-5,False,0,True,below_min_score
Houston City College,UCwHm1fTMp6kfNN9owU62LYQ,uwX0Mho9p0w,Ever wonder how your body really works? Find out with the HCC Biology Program,2025-06-06T19:04:31+00:00,0,False,0,False,below_min_score
Houston City College,UCwHm1fTMp6kfNN9owU62LYQ,058A7oCyHMU,Learn about HCC’s Open Educational Resources #houstoncommunitycollege #shorts #oer,2025-06-06T17:07:54+00:00,-5,False,0,True,below_min_score
Houston City College,UCwHm1fTMp6kfNN9owU62LYQ,JMNHCSUG5IM,"HCCTV Up To The Minute: June 5, 2025",2025-06-06T03:29:15+00:00,0,False,0,False,below_min_score
Houston City College,UCwHm1fTMp6kfNN9owU62LYQ,4QP7DNnPqKI,The Topic: Financial Focus (June 2025),2025-06-05T21:02:29+00:00,0,False,0,False,below_min_score
Houston City College,UCwHm1fTMp6kfNN9owU62LYQ,ImHIk37P-M0,HCC Online College offers flexible enrollment options  #houstoncommunitycollege #OnlineCollege,2025-06-05T18:38:07+00:00,0,False,0,False,below_min_score
Houston City College,UCwHm1fTMp6kfNN9owU62LYQ,h5d84SWGvhc,Explore Instrumentation & Controls Engineering Technology at Houston Community College!,2025-06-05T18:25:35+00:00,0,False,0,False,below_min_score
Houston City College,UCwHm1fTMp6kfNN9owU62LYQ,yAvb9eAAN6Y,Explore Instrumentation & Controls Engineering Technology at Houston Community College!,2025-06-05T18:05:36+00:00,0,False,0,False,below_min_score
Houston City College,UCwHm1fTMp6kfNN9owU62LYQ,ilVzl9XBBnc,Launch your career with HCC’s Process Technology Program!,2025-06-05T17:48:48+00:00,0,False,0,False,below_min_score
Houston City College,UCwHm1fTMp6kfNN9owU62LYQ,0_F3vSI6OX0,Launch your career with HCC’s Process Technology Program!,2025-06-05T17:24:02+00:00,0,False,0,False,below_min_score
Houston City College,UCwHm1fTMp6kfNN9owU62LYQ,fcLLwpK2McA,Credentials of Value: Takia Adkins,2025-06-05T17:05:27+00:00,0,False,0,False,below_min_score
Houston City College,UCwHm1fTMp6kfNN9owU62LYQ,Jyd536DkwjI,"HCCTV Up To The Minute: June 4, 2025",2025-06-05T03:28:15+00:00,0,False,0,False,below_min_score
Houston City College,UCwHm1fTMp6kfNN9owU62LYQ,Sp15Nq_cII0,Veterans' Voice: June 2025,2025-06-04T21:28:36+00:00,-5,False,0,True,below_min_score
Houston City College,UCwHm1fTMp6kfNN9owU62LYQ,Za-crDatwFk,Learn about the HCC Petroleum Engineering Technology program  #houstoncommunitycollege #shorts,2025-06-04T20:24:01+00:00,-5,False,0,True,below_min_score
Houston City College,UCwHm1fTMp6kfNN9owU62LYQ,_4GSKnNkRS0,Dental Assistants in high demand  #houstoncommunitycollege #shorts #dentalassisting #dental,2025-06-04T18:39:12+00:00,-5,False,0,True,below_min_score
Houston City College,UCwHm1fTMp6kfNN9owU62LYQ,IZW5uWuhFuM,"HCCTV Up To The Minute: June 3, 2025",2025-06-04T03:31:21+00:00,0,False,0,False,below_min_score
Houston City College,UCwHm1fTMp6kfNN9owU62LYQ,RddK9gTemc0,2025 HCC Foundation Gala: Where Dreams Take Flight,2025-06-03T19:13:14+00:00,0,False,0,False,below_min_score
Houston City College,UCwHm1fTMp6kfNN9owU62LYQ,TBzp0FN4n_k,2025 Greater Houston Partnership State of Education,2025-06-03T19:02:05+00:00,0,False,0,False,below_min_score
Houston City College,UCwHm1fTMp6kfNN9owU62LYQ,0rfqeOeNQmE,Grow your future with the HCC/SHSU Agricultural Sciences Academy  #houstoncommunitycollege #shorts,2025-06-03T18:33:59+00:00,-5,False,0,True,below_min_score
Houston City College,UCwHm1fTMp6kfNN9owU62LYQ,iaQtm19gckI,"HCCTV Up To The Minute: June 2, 2025",2025-06-03T03:32:42+00:00,0,False,0,False,below_min_score
Houston City College,UCwHm1fTMp6kfNN9owU62LYQ,RX7vLiqBCyI,Third annual Workforce Development Symposium and Job Fair set for June 20  #houstoncommunitycollege,2025-06-02T18:51:13+00:00,0,False,0,False,below_min_score
Houston City College,UCwHm1fTMp6kfNN9owU62LYQ,E1JHCOJ_DSE,ESL Phrase of the Week: Believe/Believe In #houstoncommunitycollege #shorts #esl,2025-06-02T14:00:17+00:00,-5,False,0,True,below_min_score
Houston City College,UCwHm1fTMp6kfNN9owU62LYQ,q0wHO81A-Oc,ESL Phrase of the Week: Believe/Believe In,2025-06-02T11:01:19+00:00,0,False,0,False,below_min_score
Houston City College,UCwHm1fTMp6kfNN9owU62LYQ,_YXXViDVXwg,"HCCTV Up To The Minute: May 30, 2025",2025-05-31T03:30:30+00:00,0,False,0,False,below_min_score
Houston City College,UCwHm1fTMp6kfNN9owU62LYQ,469gYV-LTUA,Bachelor Grads Messages,2025-05-30T20:02:15+00:00,0,False,0,False,below_min_score
Houston City College,UCwHm1fTMp6kfNN9owU62LYQ,w5NKuPuCWc0,Meet HCC Professor of Economics Sophie Haci  #houstoncommunitycollege #shorts #economics #wearehcc,2025-05-30T16:35:30+00:00,-5,False,0,True,below_min_score
Houston City College,UCwHm1fTMp6kfNN9owU62LYQ,-9IB7ZXM49s,The Topic: English and Communications,2025-05-30T07:33:43+00:00,0,False,0,False,below_min_score
Houston City College,UCwHm1fTMp6kfNN9owU62LYQ,Clm6PwSAavU,"HCCTV Up To The Minute: May 29, 2025",2025-05-30T03:49:00+00:00,0,False,0,False,below_min_score
Houston City College,UCwHm1fTMp6kfNN9owU62LYQ,h6-t4nNa9XQ,VICEROY: Q&A part 1,2025-05-29T17:26:01+00:00,0,False,0,False,below_min_score
Houston City College,UCwHm1fTMp6kfNN9owU62LYQ,KvbKYgzgLmk,"HCCTV Up To The Minute: May 28, 2025",2025-05-29T03:29:11+00:00,0,False,0,False,below_min_score
Houston City College,UCwHm1fTMp6kfNN9owU62LYQ,gr0eENmdi5Y,Runway to the Runway – HCC Spring 2025 Fashion Show,2025-05-28T23:34:01+00:00,0,False,0,False,below_min_score
Houston City College,UCwHm1fTMp6kfNN9owU62LYQ,FEshD5wZ5O4,IT company TanChes Global Management teams up with HCC  #houstoncommunitycollege #shorts #wearehcc,2025-05-28T19:31:56+00:00,-5,False,0,True,below_min_score
Houston City College,UCwHm1fTMp6kfNN9owU62LYQ,KLJC9XJyJtg,HCC Physical Therapist Assistant program offers part-time option  #houstoncommunitycollege #shorts,2025-05-28T19:02:53+00:00,-5,False,0,True,below_min_score
Houston City College,UCwHm1fTMp6kfNN9owU62LYQ,pCWAOsjrGDo,HCC Alumni Success: Anna Reger,2025-05-28T16:11:25+00:00,0,False,0,False,below_min_score
Houston City College,UCwHm1fTMp6kfNN9owU62LYQ,4c5hikINuaw,Dear Future Me,2025-05-28T14:12:18+00:00,0,False,0,False,below_min_score
Houston City College,UCwHm1fTMp6kfNN9owU62LYQ,-PQ1aMooeqI,"HCCTV Up To The Minute: May 27, 2025",2025-05-28T03:31:05+00:00,1,False,1,False,below_min_score
Houston City College,UCwHm1fTMp6kfNN9owU62LYQ,mQkTG26xtDI,2025 HCC TRIO Upward Bound celebration,2025-05-27T21:44:24+00:00,0,False,0,False,below_min_score
Houston City College,UCwHm1fTMp6kfNN9owU62LYQ,EXdJCm8rPIE,HCC Student Success story: Meet Takia Adkins  #houstoncommunitycollege #wearehcc #shorts,2025-05-27T18:55:30+00:00,-5,False,0,True,below_min_score
Houston City College,UCwHm1fTMp6kfNN9owU62LYQ,kIdH6llRN2Y,HCC Southwest College hosts Commitment Day ceremony at West Loop Campus,2025-05-27T18:20:57+00:00,0,False,0,False,below_min_score
Houston City College,UCwHm1fTMp6kfNN9owU62LYQ,Tnl9Pr9qVYY,ESL Phrase of the Week: Sparkle and Sprinkle,2025-05-27T13:00:57+00:00,0,False,0,False,below_min_score
Houston City College,UCwHm1fTMp6kfNN9owU62LYQ,27I6KkQVPLY,ESL Phrase of the Week: Sparkle and Sprinkle,2025-05-27T11:00:04+00:00,0,False,0,False,below_min_score
Houston City College,UCwHm1fTMp6kfNN9owU62LYQ,U-viBXLEf9o,"HCCTV Up To The Minute: May 23, 2025",2025-05-24T03:28:25+00:00,0,False,0,False,below_min_score
Houston City College,UCwHm1fTMp6kfNN9owU62LYQ,m8PHdQAV1WE,Begin your journey today with the HCC Alternative Teacher Certification Program!  #shorts #wearehcc,2025-05-23T20:13:06+00:00,-5,False,0,True,below_min_score
Houston City College,UCwHm1fTMp6kfNN9owU62LYQ,b3eLbKtlkYs,Begin your journey today with the HCC Alternative Teacher Certification Program!,2025-05-23T20:12:21+00:00,0,False,0,False,below_min_score
Houston City College,UCwHm1fTMp6kfNN9owU62LYQ,YrYxlRAWHaw,Tips on how to avoid over-indulging during Memorial Day celebrations,2025-05-23T17:10:39+00:00,0,False,0,False,below_min_score
Houston City College,UCwHm1fTMp6kfNN9owU62LYQ,3RXypP-sN1E,The Topic: Landscaping,2025-05-23T07:40:43+00:00,0,False,0,False,below_min_score
Houston City College,UCwHm1fTMp6kfNN9owU62LYQ,kUU6A-6jTxg,"HCCTV Up To The Minute: May 22, 2025",2025-05-23T03:30:07+00:00,0,False,0,False,below_min_score
Houston City College,UCwHm1fTMp6kfNN9owU62LYQ,M2hy-xVo_-o,HCC Central College is home to a wealth of history  #houstoncommunitycollege #History #wearehcc,2025-05-22T16:43:04+00:00,0,False,0,False,below_min_score
Houston City College,UCwHm1fTMp6kfNN9owU62LYQ,nipyUH7LKxc,"HCCTV Up To The Minute: May 21, 2025",2025-05-22T03:32:10+00:00,0,False,0,False,below_min_score
Houston City College,UCwHm1fTMp6kfNN9owU62LYQ,C59TPl5XoFU,HCC Central Eagles Club Student Leader Awards Banquet,2025-05-21T21:43:06+00:00,0,False,0,False,below_min_score
Houston City College,UCwHm1fTMp6kfNN9owU62LYQ,C7Maflh6SOk,The HCC Community Learning Program has something for everyone!  #communitylearning,2025-05-21T21:19:08+00:00,0,False,0,False,below_min_score
Houston City College,UCwHm1fTMp6kfNN9owU62LYQ,yUIjhNrC6qU,Credentials of Value: Alfa-Hadassa Castaneda,2025-05-21T21:01:07+00:00,0,False,0,False,below_min_score
Houston City College,UCwHm1fTMp6kfNN9owU62LYQ,GlRHqGDqGvU,Muskaan Shahzad gives Commencement Address at HCC Spring 2025 Commencement Ceremony,2025-05-21T20:31:42+00:00,-5,False,0,True,below_min_score
Houston City College,UCwHm1fTMp6kfNN9owU62LYQ,7hCLeddWgzg,HCC to partner with Bilateral Chamber of Commerce,2025-05-21T17:05:41+00:00,0,False,0,False,below_min_score
Houston City College,UCwHm1fTMp6kfNN9owU62LYQ,_aQcSTbHg98,"HCCTV Up To The Minute: May 20, 2025",2025-05-21T03:29:21+00:00,0,False,0,False,below_min_score
Houston City College,UCwHm1fTMp6kfNN9owU62LYQ,8uxjtC0CoQ0,Did you know that HCC has a History Club?  #houstoncommunitycollege #HistoryClub #wearehcc #hcc,2025-05-20T19:47:17+00:00,0,False,0,False,below_min_score
Houston City College,UCwHm1fTMp6kfNN9owU62LYQ,IyzcOEaY11c,"HCCTV Up To The Minute: May 19, 2025",2025-05-20T03:33:20+00:00,0,False,0,False,below_min_score
Houston City College,UCwHm1fTMp6kfNN9owU62LYQ,WS-1-2P21P0,HCC Visual Arts program hosts Spring 2025 Reception for Northline Student Juried Exhibition,2025-05-19T20:17:25+00:00,0,False,0,False,below_min_score
Houston City College,UCwHm1fTMp6kfNN9owU62LYQ,4UuCLvMRiMk,HCC holds Spring 2025 Commencement Ceremonies at NRG Arena,2025-05-19T18:22:03+00:00,-5,False,0,True,below_min_score
Houston City College,UCwHm1fTMp6kfNN9owU62LYQ,vC7KTzk8GuY,HCC hosts annual Back to the Foodture event at Central Campus,2025-05-19T15:25:37+00:00,0,False,0,False,below_min_score
Houston City College,UCwHm1fTMp6kfNN9owU62LYQ,NHhNtqk7kMM,Next Reality: Future Cities event at WHI,2025-05-19T15:10:07+00:00,0,False,0,False,below_min_score
Houston City College,UCwHm1fTMp6kfNN9owU62LYQ,j09pHmJPb_A,History Makers: Meet HCC's first baccalaureate graduates #houstoncommunitycollege  #commencement,2025-05-19T14:55:04+00:00,-5,False,0,True,below_min_score
Houston City College,UCwHm1fTMp6kfNN9owU62LYQ,B7z8YyB-DNI,ESL Phrase of the Week: Melting Pot  #houstoncommunitycollege #englishasasecondlanguage,2025-05-19T14:00:14+00:00,0,False,0,False,below_min_score
Houston City College,UCwHm1fTMp6kfNN9owU62LYQ,Q0CwFwhDvnY,ESL Phrase of the Week: Melting Pot,2025-05-19T11:00:42+00:00,0,False,0,False,below_min_score
Houston City College,UCwHm1fTMp6kfNN9owU62LYQ,rrSeZXzintM,HCC Spring 2025 Commencement Ceremony - afternoon session,2025-05-16T23:53:01+00:00,-5,False,0,True,below_min_score
Houston City College,UCwHm1fTMp6kfNN9owU62LYQ,e6u3EG6gO1U,HCC Spring 2025 Commencement Ceremony - morning session,2025-05-16T21:25:11+00:00,-5,False,0,True,below_min_score
Houston City College,UCwHm1fTMp6kfNN9owU62LYQ,1oSp1Oe73Us,Shoot your shot  #houstoncommunitycollege #collegegraduation #commencement #basketball,2025-05-16T15:33:58+00:00,-5,False,0,True,below_min_score
Houston City College,UCwHm1fTMp6kfNN9owU62LYQ,PwaibEkklao,Hello from HCC Spring 2025 Commencement!  #collegegraduation #collegegraduates #commencement #hcc,2025-05-16T15:27:07+00:00,-5,False,0,True,below_min_score
Houston City College,UCwHm1fTMp6kfNN9owU62LYQ,ETuVQ4ZfylE,"HCCTV Up To The Minute: May 15, 2025",2025-05-16T03:30:18+00:00,-5,False,0,True,below_min_score
Houston City College,UCwHm1fTMp6kfNN9owU62LYQ,Cs6_HddxkQI,HCC Spring 2025 VAST Academy Commencement Ceremony,2025-05-15T20:26:24+00:00,-5,False,0,True,below_min_score
Houston City College,UCwHm1fTMp6kfNN9owU62LYQ,XimCkm8H5kg,So You Know: HCCTV is here for nonprofit organizations  #houstoncommunitycollege #wearehcc,2025-05-15T20:24:47+00:00,0,False,0,False,below_min_score
Houston City College,UCwHm1fTMp6kfNN9owU62LYQ,tWXVJXf4bZc,So You Know: HCCTV is here for nonprofit organizations,2025-05-15T20:16:52+00:00,0,False,0,False,below_min_score
Houston City College,UCwHm1fTMp6kfNN9owU62LYQ,P3ULIeOflFI,So You Know: HCCTV is here for nonprofit organizations  #houstoncommunitycollege #wearehcc,2025-05-15T19:49:29+00:00,0,False,0,False,below_min_score
Houston City College,UCwHm1fTMp6kfNN9owU62LYQ,353ZzZwCepo,So You Know: HCCTV is here for nonprofit organizations,2025-05-15T19:48:28+00:00,0,False,0,False,below_min_score
Houston City College,UCwHm1fTMp6kfNN9owU62LYQ,Lp9vtJUVTrE,ASL Sign Language Competition a first for HCC  #houstoncommunitycollege #americansignlanguage #hcc,2025-05-15T17:01:04+00:00,0,False,0,False,below_min_score
Houston City College,UCwHm1fTMp6kfNN9owU62LYQ,K78O6p25NSw,"HCCTV Up To The Minute: May 14, 2025",2025-05-15T03:28:06+00:00,-5,False,0,True,below_min_score
Houston City College,UCwHm1fTMp6kfNN9owU62LYQ,M86uqpAxxls,2025 HCC Dual Credit Graduate Celebration,2025-05-14T21:33:28+00:00,0,False,0,False,below_min_score
Houston City College,UCwHm1fTMp6kfNN9owU62LYQ,87J_TcdsiVU,HCC Spring 2025 TxCHSE Commencement Ceremony,2025-05-14T19:28:49+00:00,-5,False,0,True,below_min_score
Houston City College,UCwHm1fTMp6kfNN9owU62LYQ,YZT6_05rvis,HCC Southeast College hosts Commitment Day event at Eastside Campus,2025-05-14T18:37:27+00:00,0,False,0,False,below_min_score
Houston City College,UCwHm1fTMp6kfNN9owU62LYQ,hj1sPySoqck,First HCC cohort to graduate with Healthcare Management Bachelor of Applied Science degree #WeAreHCC,2025-05-14T17:15:48+00:00,-5,False,0,True,below_min_score
Houston City College,UCwHm1fTMp6kfNN9owU62LYQ,n9HKaxzU59E,REVEAL 2025 HCC Interior Design Portfolio Show,2025-05-14T15:31:48+00:00,0,False,0,False,below_min_score
Houston City College,UCwHm1fTMp6kfNN9owU62LYQ,ABhglUhfmYQ,"HCCTV Up To The Minute: May 13, 2025",2025-05-14T03:30:05+00:00,-5,False,0,True,below_min_score
Houston City College,UCwHm1fTMp6kfNN9owU62LYQ,x1CJE0pZu6I,The man behind the mascot: Swoop to graduate at HCC Spring 2025 Commencement #graduation #wearehcc,2025-05-13T18:57:57+00:00,-5,False,0,True,below_min_score
Houston City College,UCwHm1fTMp6kfNN9owU62LYQ,DUduwqpUcfk,"HCC Spring 2025 Commencement set for Friday, May 16  #houstoncommunitycollege #collegegraduation",2025-05-13T17:06:16+00:00,-5,False,0,True,below_min_score
Houston City College,UCwHm1fTMp6kfNN9owU62LYQ,0Hd9Fm_MsSM,"HCCTV Up To The Minute: May 12, 2025",2025-05-13T03:29:37+00:00,0,False,0,False,below_min_score
Houston City College,UCwHm1fTMp6kfNN9owU62LYQ,l7ipLSsQo2g,Explore the science of life with the HCC Biology program,2025-05-12T17:43:52+00:00,0,False,0,False,below_min_score
Houston City College,UCwHm1fTMp6kfNN9owU62LYQ,i-veHjvsMPk,HCC Spring 2025 VAST Academy Grads with Love,2025-05-12T15:18:55+00:00,-5,False,0,True,below_min_score
Houston City College,UCwHm1fTMp6kfNN9owU62LYQ,fuSd-OESfMU,ExxonMobil Foundation sponsors Texas A&M Engineering Academy at HCC,2025-05-12T14:40:27+00:00,0,False,0,False,below_min_score
Houston City College,UCwHm1fTMp6kfNN9owU62LYQ,iXq03KB9FU0,ESL Phrase of the Week: Get out of your head  #houstoncommunitycollege #esl #wearehcc,2025-05-12T14:39:11+00:00,0,False,0,False,below_min_score
Houston City College,UCwHm1fTMp6kfNN9owU62LYQ,6tm9wITWjik,ESL Phrase of the Week: Get out of your head,2025-05-12T11:00:18+00:00,0,False,0,False,below_min_score
Houston City College,UCwHm1fTMp6kfNN9owU62LYQ,UCc-SMDgPJY,HCC Spring 2025 VAST Academy Commencement Ceremony,2025-05-10T07:16:54+00:00,-5,False,0,True,below_min_score
Houston City College,UCwHm1fTMp6kfNN9owU62LYQ,CT0zcUcHdjM,HCC Spring 2025 TxCHSE Commencement Ceremony,2025-05-09T12:29:18+00:00,-5,False,0,True,below_min_score
Houston City College,UCwHm1fTMp6kfNN9owU62LYQ,9chnI6Uwajg,"HCCTV Up To The Minute: May 8, 2025",2025-05-09T03:28:45+00:00,0,False,0,False,below_min_score
Houston City College,UCwHm1fTMp6kfNN9owU62LYQ,hGqonLNt-aM,Get a head start on your Real Estate career with the HCC Real Estate Dual Credit program! #wearehcc,2025-05-08T20:37:49+00:00,0,False,0,False,below_min_score
Houston City College,UCwHm1fTMp6kfNN9owU62LYQ,WBuz511pfQI,Move Your Future Forward with HCC! (Spanish),2025-05-08T19:07:40+00:00,0,False,0,False,below_min_score
Houston City College,UCwHm1fTMp6kfNN9owU62LYQ,eAFaZBLVEF0,Move Your Future Forward with HCC! (Spanish),2025-05-08T19:06:33+00:00,0,False,0,False,below_min_score
Houston City College,UCwHm1fTMp6kfNN9owU62LYQ,bj76Xeyk604,Move Your Future Forward with HCC! (Spanish),2025-05-08T19:05:12+00:00,0,False,0,False,below_min_score
Houston City College,UCwHm1fTMp6kfNN9owU62LYQ,C0oE9AAmsJ8,Move Your Future Forward with HCC! (Spanish),2025-05-08T19:03:22+00:00,0,False,0,False,below_min_score
Houston City College,UCwHm1fTMp6kfNN9owU62LYQ,md_9iwW5P8k,The Topic: National Nurses Week,2025-05-08T19:00:39+00:00,0,False,0,False,below_min_score
Houston City College,UCwHm1fTMp6kfNN9owU62LYQ,Sk2JL0BixEE,Reality Club Spring 2025 Kickoff Event,2025-05-08T18:29:01+00:00,0,False,0,False,below_min_score
Houston City College,UCwHm1fTMp6kfNN9owU62LYQ,EVUHSH4mWic,Arts Mania - Spring 2025 Career Fair,2025-05-08T14:28:08+00:00,0,False,0,False,below_min_score
Houston City College,UCwHm1fTMp6kfNN9owU62LYQ,je5gZI9Gdh4,"HCCTV Up To The Minute: May 7, 2025",2025-05-08T03:29:14+00:00,0,False,0,False,below_min_score
Houston City College,UCwHm1fTMp6kfNN9owU62LYQ,mHX83-6QthQ,Veterans' Voice: May 2025,2025-05-07T20:16:00+00:00,-5,False,0,True,below_min_score
Houston City College,UCwHm1fTMp6kfNN9owU62LYQ,BecX7iYsjSg,Learn a new language with HCC World Languages!  #houstoncommunitycollege #wearehcc #learnalanguage,2025-05-07T18:46:17+00:00,0,False,0,False,below_min_score
Houston City College,UCwHm1fTMp6kfNN9owU62LYQ,u_wWNzRMjoM,"HCCTV Up To The Minute: May 6, 2025",2025-05-07T03:32:18+00:00,0,False,0,False,below_min_score
Houston City College,UCwHm1fTMp6kfNN9owU62LYQ,_M1AElRiRs0,HCC’s Resiliency Initiative: Protecting our future,2025-05-06T21:20:04+00:00,0,False,0,False,below_min_score
Houston City College,UCwHm1fTMp6kfNN9owU62LYQ,bBueO5JeaLM,Meet HCC Professor of Biology Dr. Chukwuemeka Opara #HoustonCommunityCollege #LifeSciences #Biology,2025-05-06T20:26:03+00:00,0,False,0,False,below_min_score
Houston City College,UCwHm1fTMp6kfNN9owU62LYQ,bZFjkaFSP9c,2025 HCC Gulf Coast Region Youth Apprenticeship Summit,2025-05-06T19:36:00+00:00,0,False,0,False,below_min_score
Houston City College,UCwHm1fTMp6kfNN9owU62LYQ,_I64E_Zvx18,HCC hosts Community Resource Fair at Brays Oaks Campus,2025-05-06T19:11:46+00:00,0,False,0,False,below_min_score
Houston City College,UCwHm1fTMp6kfNN9owU62LYQ,pdhUksJ-7ZQ,See what the Health Professions Scholarship Program has to offer  #houstoncommunitycollege #wearehcc,2025-05-05T18:30:56+00:00,0,False,0,False,below_min_score
Houston City College,UCwHm1fTMp6kfNN9owU62LYQ,2mjvRvJOgcg,"HCCTV Up To The Minute: May 5, 2025",2025-05-05T16:10:11+00:00,-5,False,0,True,below_min_score
Houston City College,UCwHm1fTMp6kfNN9owU62LYQ,KZFJt0w8wok,Career & Transfer Services: Meet Honors College student David Osorio,2025-05-05T15:25:26+00:00,0,False,0,False,below_min_score
Houston City College,UCwHm1fTMp6kfNN9owU62LYQ,kNpTxW6m4-Q,"Happy Teacher Appreciation Week! -- May 5-9, 2025",2025-05-05T12:01:20+00:00,0,False,0,False,below_min_score
Houston City College,UCwHm1fTMp6kfNN9owU62LYQ,Ev3rX-g9HDw,"HCCTV Up To The Minute: May 1, 2025",2025-05-02T03:25:44+00:00,0,False,0,False,below_min_score
Houston City College,UCwHm1fTMp6kfNN9owU62LYQ,DsJu3l1Upn4,HCC partners with Lennar Foundation to establish workforce training program #houstoncommunitycollege,2025-05-01T21:07:31+00:00,0,False,0,False,below_min_score
Houston City College,UCwHm1fTMp6kfNN9owU62LYQ,vCBi5n_qVfg,HCC Northeast College hosts Community Fair at Northline Campus,2025-05-01T18:38:28+00:00,0,False,0,False,below_min_score
Houston City College,UCwHm1fTMp6kfNN9owU62LYQ,LohjJqrd4Es,Move Your Future Forward with HCC!,2025-05-01T14:10:00+00:00,0,False,0,False,below_min_score
Houston City College,UCwHm1fTMp6kfNN9owU62LYQ,EPUZPEhEUzQ,Move Your Future Forward with HCC!,2025-05-01T14:06:00+00:00,0,False,0,False,below_min_score
Houston City College,UCwHm1fTMp6kfNN9owU62LYQ,oeWGB1XG3rE,Move Your Future Forward with HCC!,2025-05-01T14:05:02+00:00,0,False,0,False,below_min_score
Houston City College,UCwHm1fTMp6kfNN9owU62LYQ,trGBb4OcmBI,Move Your Future Forward with HCC!,2025-05-01T14:01:19+00:00,0,False,0,False,below_min_score
Houston City College,UCwHm1fTMp6kfNN9owU62LYQ,BIzPaT8FZjM,"Don't miss the HCC Spring Fashion Show “Runway to the Runway"" on May 2  #houstoncommunitycollege",2025-04-30T16:50:14+00:00,0,False,0,False,below_min_score
Houston City College,UCwHm1fTMp6kfNN9owU62LYQ,4P_KfIpC3TE,"HCCTV Up To The Minute: April 30, 2025",2025-04-30T16:19:24+00:00,0,False,0,False,below_min_score
Houston City College,UCwHm1fTMp6kfNN9owU62LYQ,K1bEmx7deGk,HCC Coleman College for Health Sciences becomes “Coleman Hospital” for Simulation Day,2025-04-30T14:37:27+00:00,0,False,0,False,below_min_score
Houston City College,UCwHm1fTMp6kfNN9owU62LYQ,pu3H3YwJCv0,"HCCTV Up To The Minute: April 29, 2025",2025-04-30T03:29:19+00:00,0,False,0,False,below_min_score
Houston City College,UCwHm1fTMp6kfNN9owU62LYQ,5LNG9EOQDSw,"HCC Medical Lab Tech Program Director: ""I'm very proud of our students""  #houstoncommunitycollege",2025-04-29T17:00:10+00:00,0,False,0,False,below_min_score
Houston City College,UCwHm1fTMp6kfNN9owU62LYQ,sa7jduDEcvE,HCC hosts GCIC Juried Student and Alumni Art Gallery Exhibition at Stafford Campus,2025-04-29T16:16:17+00:00,0,False,0,False,below_min_score
Houston City College,UCwHm1fTMp6kfNN9owU62LYQ,c0TL4vmAgLg,HCC hosts Spring 2025 AI & Robotics Bachelor of Applied Technology Commitment Day,2025-04-29T14:36:43+00:00,0,False,0,False,below_min_score
Houston City College,UCwHm1fTMp6kfNN9owU62LYQ,rzaK0yxTkZc,"HCCTV Up To The Minute: April 28, 2025",2025-04-29T03:30:36+00:00,0,False,0,False,below_min_score
Houston City College,UCwHm1fTMp6kfNN9owU62LYQ,P7k7LOHu198,"""Get With the Culture"" set for April 29 at HCC Alief Bissonnet Campus  #houstoncommunitycollege #hcc",2025-04-28T18:23:59+00:00,0,False,0,False,below_min_score
Houston City College,UCwHm1fTMp6kfNN9owU62LYQ,9DL0bPqM4tg,"HCCTV Up To The Minute: April 25, 2025",2025-04-26T03:29:34+00:00,0,False,0,False,below_min_score
Houston City College,UCwHm1fTMp6kfNN9owU62LYQ,dVe9uGNtUJU,HCC Visual Arts program hosts faculty reception for Luis Sandoval Exhibition,2025-04-25T21:27:05+00:00,0,False,0,False,below_min_score
Houston City College,UCwHm1fTMp6kfNN9owU62LYQ,MmGHwjV08Mc,Empower your future with HCC's Electrical Technology program  #houstoncommunitycollege #electrical,2025-04-25T20:13:00+00:00,0,False,0,False,below_min_score
Houston City College,UCwHm1fTMp6kfNN9owU62LYQ,ydYE_ZbNHfw,HCC ESL program hosts annual Culture Festival,2025-04-25T19:30:18+00:00,0,False,0,False,below_min_score
Houston City College,UCwHm1fTMp6kfNN9owU62LYQ,zjKHJHzdqms,HCC Visual Arts program hosts reception for Spring 2025 Southeast Juried Student Exhibition,2025-04-25T16:57:53+00:00,0,False,0,False,below_min_score
Houston City College,UCwHm1fTMp6kfNN9owU62LYQ,rnUoB7ddvnA,"HCCTV Up To The Minute: April 24, 2025",2025-04-25T03:29:58+00:00,0,False,0,False,below_min_score
Houston City College,UCwHm1fTMp6kfNN9owU62LYQ,8r7UnYmnA3g,The Topic: Grants - Commercial Truck Driving,2025-04-24T20:13:32+00:00,0,False,0,False,below_min_score
Houston City College,UCwHm1fTMp6kfNN9owU62LYQ,TnF-o5HYv3Y,"Goldman Sachs 10,000 Small Businesses Alumni Stories of Impact",2025-04-24T16:57:30+00:00,0,False,0,False,below_min_score
Houston City College,UCwHm1fTMp6kfNN9owU62LYQ,ubOz068owfQ,HCC Creative Writing Club to host publication party for student magazine 'Vocable' on April 26 #hcc,2025-04-24T16:55:34+00:00,0,False,0,False,below_min_score
Houston City College,UCwHm1fTMp6kfNN9owU62LYQ,rMKi0uyRytM,HCC Staff Senate is accepting nominations  #houstoncommunitycollege,2025-04-23T16:46:44+00:00,0,False,0,False,below_min_score
Houston City College,UCwHm1fTMp6kfNN9owU62LYQ,2PrSeh56EwM,"HCCTV Up To The Minute: April 23, 2025",2025-04-23T16:01:40+00:00,1,False,1,False,below_min_score
Houston City College,UCwHm1fTMp6kfNN9owU62LYQ,kFcNApMb3Nw,"HCCTV Up To The Minute: April 22, 2025",2025-04-23T03:33:37+00:00,-5,False,3,True,below_min_score
Houston City College,UCwHm1fTMp6kfNN9owU62LYQ,KySlvO_zccw,HCC VAST Academy scholar Lauryn Huffman shines  #houstoncommunitycollege #VASTAcademy #wearehcc #hcc,2025-04-22T16:55:35+00:00,0,False,0,False,below_min_score
Houston City College,UCwHm1fTMp6kfNN9owU62LYQ,l_7Ac5LWNms,"HCCTV Up To The Minute: April 21, 2025",2025-04-22T03:32:28+00:00,0,False,0,False,below_min_score
Houston City College,UCwHm1fTMp6kfNN9owU62LYQ,U-JeNVi3xCc,HCC Career & Transfer Services department hosts Spring Transfer Fair at HCC Coleman College,2025-04-21T19:36:02+00:00,0,False,0,False,below_min_score
Houston City College,UCwHm1fTMp6kfNN9owU62LYQ,mhw_VSHo1Ik,2025 HCC Alumni Association Spring Networking Social,2025-04-21T19:20:46+00:00,0,False,0,False,below_min_score
Houston City College,UCwHm1fTMp6kfNN9owU62LYQ,lcX5_XfhtDk,HCC Hidden Gem Music Fest set for May 3 at Spring Branch Campus  #houstoncommunitycollege #wearehcc,2025-04-21T18:35:41+00:00,0,False,0,False,below_min_score
Houston City College,UCwHm1fTMp6kfNN9owU62LYQ,6p-H2GzxfDs,The Topic – Banking Basics with PrimeWay FCU,2025-04-18T07:32:40+00:00,0,False,0,False,below_min_score
Houston City College,UCwHm1fTMp6kfNN9owU62LYQ,j-CDbOh728s,HCC Alumni Affairs hosts Résumé Writing event at HCC Central Campus,2025-04-17T19:11:16+00:00,0,False,0,False,below_min_score
Houston City College,UCwHm1fTMp6kfNN9owU62LYQ,GbE26IDEovE,"HCCTV Up To The Minute: April 17, 2025",2025-04-17T16:58:21+00:00,-5,False,0,True,below_min_score
Houston City College,UCwHm1fTMp6kfNN9owU62LYQ,0bDGwMkRzi0,"HCCTV Up To The Minute: April 16, 2025",2025-04-17T03:28:17+00:00,0,False,0,False,below_min_score
Houston City College,UCwHm1fTMp6kfNN9owU62LYQ,0rLl5VSTs80,Credentials of Value: Dominique Davis,2025-04-16T21:00:01+00:00,0,False,0,False,below_min_score
Houston City College,UCwHm1fTMp6kfNN9owU62LYQ,TANhJ-rWeaM,2025 National Conference on Artificial Intelligence - Day 3,2025-04-16T19:12:48+00:00,0,False,0,False,below_min_score
Houston City College,UCwHm1fTMp6kfNN9owU62LYQ,aVUlwZx0efs,2025 National Conference on Artificial Intelligence - Day 2,2025-04-16T19:06:39+00:00,0,False,0,False,below_min_score
Houston City College,UCwHm1fTMp6kfNN9owU62LYQ,ZxkVe0tqDug,2025 National Conference on Artificial Intelligence - Day 1,2025-04-16T18:45:37+00:00,0,False,0,False,below_min_score
Houston City College,UCwHm1fTMp6kfNN9owU62LYQ,62VWNAWZNxU,Spring Dog Show set for April 17 at West Houston Institute #dogshow #houstoncommunitycollege #hcc,2025-04-16T16:50:20+00:00,0,False,0,False,below_min_score
Houston City College,UCwHm1fTMp6kfNN9owU62LYQ,zzuEjft2C88,HCC holds grand opening for Cuisines Café,2025-04-16T16:00:06+00:00,0,False,0,False,below_min_score
Houston City College,UCwHm1fTMp6kfNN9owU62LYQ,2f7nnO8-2mU,"HCCTV Up To The Minute: April 15, 2025",2025-04-16T03:30:13+00:00,0,False,0,False,below_min_score
Houston City College,UCwHm1fTMp6kfNN9owU62LYQ,Uawci_yB0U0,Meet HCC Professor of Biology Gizelle Davis #Biology #HoustonCommunityCollege #shorts #WeAreHCC #HCC,2025-04-15T21:36:01+00:00,-5,False,0,True,below_min_score
Houston City College,UCwHm1fTMp6kfNN9owU62LYQ,MpXi-hFwVN0,Learn more about the HCC Biology program,2025-04-15T21:18:03+00:00,0,False,0,False,below_min_score
Houston City College,UCwHm1fTMp6kfNN9owU62LYQ,4hkDfvTvOWA,"""Fun little project"" turns into a labor of love for Art Car winner #ArtCarParade #shorts #wearehcc",2025-04-15T20:28:41+00:00,-5,False,0,True,below_min_score
Houston City College,UCwHm1fTMp6kfNN9owU62LYQ,NvwET2lHF_Q,Houston Council of Safety Professionals Truck Driving Championship is coming soon  #wearehcc #hcc,2025-04-14T17:38:36+00:00,0,False,0,False,below_min_score
Houston City College,UCwHm1fTMp6kfNN9owU62LYQ,4GURfcAFLFs,"HCCTV Up To The Minute: April 14, 2025",2025-04-14T17:06:46+00:00,0,False,0,False,below_min_score
Houston City College,UCwHm1fTMp6kfNN9owU62LYQ,gjNqf834gNQ,"HCCTV Up To The Minute: April 11, 2025",2025-04-12T03:30:24+00:00,-5,False,0,True,below_min_score
Houston City College,UCwHm1fTMp6kfNN9owU62LYQ,WE2970WsxP8,2025 HCC Building a Sense of Belonging Summit set for April 25 at WHI  #houstoncommunitycollege #hcc,2025-04-11T16:35:23+00:00,0,False,0,False,below_min_score
Houston City College,UCwHm1fTMp6kfNN9owU62LYQ,618KokdBJPc,The Topic: VICEROY Scholars,2025-04-11T07:31:25+00:00,0,False,0,False,below_min_score
Houston City College,UCwHm1fTMp6kfNN9owU62LYQ,T-pluSzxhhA,"HCCTV Up To The Minute: April 10, 2025",2025-04-11T03:29:27+00:00,0,False,0,False,below_min_score
Houston City College,UCwHm1fTMp6kfNN9owU62LYQ,V6HrzOZc1Yc,A day at the Youth and Teen Symposium-HCC Coleman,2025-04-10T21:29:01+00:00,0,False,0,False,below_min_score
Houston City College,UCwHm1fTMp6kfNN9owU62LYQ,16Zg4sIjCp8,"HCC joins VICEROY Program to seek students for cybersecurity roles in government, military #wearehcc",2025-04-10T21:19:37+00:00,0,False,0,False,below_min_score
Houston City College,UCwHm1fTMp6kfNN9owU62LYQ,O0lpMSSb31g,HCC Coleman Campus Youth & Teen Symposium,2025-04-10T15:09:00+00:00,0,False,0,False,below_min_score
Houston City College,UCwHm1fTMp6kfNN9owU62LYQ,VXV-8SeqlD8,Learn more about upcoming events at HCC Southeast College  #houstoncommunitycollege #shorts #hcc,2025-04-09T19:46:16+00:00,-5,False,0,True,below_min_score
Houston City College,UCwHm1fTMp6kfNN9owU62LYQ,xKwC0MQV1OA,"HCCTV Up To The Minute: April 9, 2025",2025-04-09T16:50:49+00:00,0,False,0,False,below_min_score
Houston City College,UCwHm1fTMp6kfNN9owU62LYQ,jlL1BCTPdPM,Veterans' Voice: April 2025,2025-04-09T14:31:43+00:00,-5,False,0,True,below_min_score
Houston City College,UCwHm1fTMp6kfNN9owU62LYQ,vwRBlgs7pX0,"HCCTV Up To The Minute: April 8, 2025",2025-04-09T03:29:50+00:00,0,False,0,False,below_min_score
Houston City College,UCwHm1fTMp6kfNN9owU62LYQ,fbgAKVb_gjg,HCC Northline Campus to host Community Fair on April 26  #houstoncommunitycollege #wearehcc #hcc,2025-04-08T21:04:05+00:00,0,False,0,False,below_min_score
Houston City College,UCwHm1fTMp6kfNN9owU62LYQ,6qGtSFMo4m8,"HCCTV Up To The Minute: April 7, 2025",2025-04-08T03:30:39+00:00,-5,False,0,True,below_min_score
Houston City College,UCwHm1fTMp6kfNN9owU62LYQ,2qyNbfDrjpc,Learn more about Talent Solutions for HCC’s Work-Based Learning & Industry Partnerships #wearehcc,2025-04-07T20:50:54+00:00,0,False,0,False,below_min_score
Houston City College,UCwHm1fTMp6kfNN9owU62LYQ,qE1PPXe8lKw,It's Your Business: #72,2025-04-07T18:49:04+00:00,0,False,0,False,below_min_score
Houston City College,UCwHm1fTMp6kfNN9owU62LYQ,H9WEErTx52U,HCC hosts hands-on Youth & Teen Symposium at HCC Coleman College for Health Sciences,2025-04-07T17:02:01+00:00,0,False,0,False,below_min_score
Houston City College,UCwHm1fTMp6kfNN9owU62LYQ,9Ud4y2IVKw4,HCC Career & Transfer Services department hosts Spring Transfer Fair at Alief Hayes Campus,2025-04-07T14:15:42+00:00,0,False,0,False,below_min_score
Houston City College,UCwHm1fTMp6kfNN9owU62LYQ,rVX2rTE8m2Q,"HCCTV Up To The Minute: April 4, 2025",2025-04-05T03:36:26+00:00,0,False,0,False,below_min_score
Houston City College,UCwHm1fTMp6kfNN9owU62LYQ,za2gZRHyaew,Bright Futures STEM Summer Day Camp set for June 9-12  #houstoncommunitycollege #stem #wearehcc #hcc,2025-04-04T21:35:04+00:00,0,False,0,False,below_min_score
Houston City College,UCwHm1fTMp6kfNN9owU62LYQ,2ibBAwS3v34,"HCCTV Up To The Minute: April 3, 2025",2025-04-04T03:29:54+00:00,0,False,0,False,below_min_score
Houston City College,UCwHm1fTMp6kfNN9owU62LYQ,My5jieyROAI,The Topic: Coleman College & Prairie View A&M University team up with Bright Futures Summer Day Camp,2025-04-03T21:24:33+00:00,0,False,0,False,below_min_score
Houston City College,UCwHm1fTMp6kfNN9owU62LYQ,Gan8BazPxkU,So You Know: Check out these HCC Rec Sports events in April,2025-04-03T20:49:49+00:00,0,False,0,False,below_min_score
Houston City College,UCwHm1fTMp6kfNN9owU62LYQ,otgmsXJvGeE,So You Know: HCC Rec Sports,2025-04-03T20:23:16+00:00,0,False,0,False,below_min_score
Houston City College,UCwHm1fTMp6kfNN9owU62LYQ,V7TOpwyaNNM,"HCCTV Up To The Minute: April 2, 2025",2025-04-03T03:30:08+00:00,0,False,0,False,below_min_score
Houston City College,UCwHm1fTMp6kfNN9owU62LYQ,1scxP9BoMVE,Learn more today about the HCC Fire Science & Safety program!,2025-04-02T20:39:47+00:00,0,False,0,False,below_min_score
Houston City College,UCwHm1fTMp6kfNN9owU62LYQ,EXySKtKL6i0,Learn more today about the HCC Fire Science & Safety program!,2025-04-02T20:37:03+00:00,0,False,0,False,below_min_score
Houston City College,UCwHm1fTMp6kfNN9owU62LYQ,EGJIYvhEQic,Learn more today about the HCC Emergency Medical Services program!,2025-04-02T20:25:32+00:00,0,False,0,False,below_min_score
Houston City College,UCwHm1fTMp6kfNN9owU62LYQ,1eE7vSHtFjk,Learn more today about the HCC Emergency Medical Services program!,2025-04-02T20:17:10+00:00,0,False,0,False,below_min_score
Houston City College,UCwHm1fTMp6kfNN9owU62LYQ,40fz4BAFlP0,Back to the Foodture event set for April 22 at HCC Central Campus  #houstoncommunitycollege #hcc,2025-04-02T18:56:57+00:00,0,False,0,False,below_min_score
Houston City College,UCwHm1fTMp6kfNN9owU62LYQ,NMqxK4Jjqmo,"HCCTV Up To The Minute: April 1, 2025",2025-04-02T03:33:28+00:00,-5,False,0,True,below_min_score
Houston City College,UCwHm1fTMp6kfNN9owU62LYQ,u6E2-9KY-6I,HCC to offer three Recipes for Success workshops in April  #houstoncommunitycollege #WeAreHCC #HCC,2025-04-01T18:47:08+00:00,0,False,0,False,below_min_score
Houston City College,UCwHm1fTMp6kfNN9owU62LYQ,5JDYUu0IHKU,"HCCTV Up To The Minute: March 31, 2025",2025-04-01T03:31:14+00:00,0,False,0,False,below_min_score
Houston City College,UCwHm1fTMp6kfNN9owU62LYQ,OuN2Ybjd6EM,2025 HCC Student Success Summit,2025-03-31T19:39:30+00:00,0,False,0,False,below_min_score
Houston City College,UCwHm1fTMp6kfNN9owU62LYQ,N0jZdjGxSTM,Finals De-Stress event set for April 28 at HCC Central Campus   #cosmetology #collegefinals #hcc,2025-03-31T16:43:52+00:00,0,False,0,False,below_min_score
Houston City College,UCwHm1fTMp6kfNN9owU62LYQ,O6XmxJ6XqwU,"HCCTV Up To The Minute: March 28, 2025",2025-03-28T16:24:33+00:00,-5,False,0,True,below_min_score
Houston City College,UCwHm1fTMp6kfNN9owU62LYQ,uvRHa4IWiqg,The Topic: HCC’s VAST Academy,2025-03-28T07:31:02+00:00,0,False,0,False,below_min_score
Houston City College,UCwHm1fTMp6kfNN9owU62LYQ,1Ort4GSOXYo,"HCCTV Up To The Minute: March 27, 2025",2025-03-28T03:32:52+00:00,0,False,0,False,below_min_score
Houston City College,UCwHm1fTMp6kfNN9owU62LYQ,C0WoQL4_2oI,HCCTV Special: Lauren Anderson interview,2025-03-27T19:15:16+00:00,0,False,0,False,below_min_score
Houston City College,UCwHm1fTMp6kfNN9owU62LYQ,Dp02amosz04,HCC Youth & Teen Symposium set for April 5 at Coleman College for Health Sciences  #wearehcc #hcc,2025-03-27T18:50:19+00:00,0,False,0,False,below_min_score
Houston City College,UCwHm1fTMp6kfNN9owU62LYQ,jodHPXEAmzY,"HCCTV Up To The Minute: March 26, 2025",2025-03-27T03:29:09+00:00,-5,False,0,True,below_min_score
Houston City College,UCwHm1fTMp6kfNN9owU62LYQ,dpztpVSYWaM,HCC Alumni Association hosts inaugural Classroom to Career Success Series event,2025-03-26T19:38:00+00:00,0,False,0,False,below_min_score
Houston City College,UCwHm1fTMp6kfNN9owU62LYQ,Jf1j5hGPpl4,2025 Women in Industry Conference set for April 1  #houstoncommunitycollege #shorts #hcc #wearehcc,2025-03-26T18:56:26+00:00,-5,False,0,True,below_min_score
Houston City College,UCwHm1fTMp6kfNN9owU62LYQ,lLLV4wAMiPY,"HCCTV Up To The Minute: March 25, 2025",2025-03-26T03:30:06+00:00,0,False,0,False,below_min_score
Houston City College,UCwHm1fTMp6kfNN9owU62LYQ,ChYsQHB1ApM,HCC Northwest College hosts human trafficking workshop at Katy Campus,2025-03-25T20:08:51+00:00,0,False,0,False,below_min_score
Houston City College,UCwHm1fTMp6kfNN9owU62LYQ,mwNYKpQ3FyY,2025 HCC Foundation Scholarship Luncheon,2025-03-25T19:03:43+00:00,0,False,0,False,below_min_score
Houston City College,UCwHm1fTMp6kfNN9owU62LYQ,mcRWLGM-GyY,HCC Coleman College for Health Sciences to host Simulation Day on April 25  #houstoncommunitycollege,2025-03-25T16:46:39+00:00,0,False,0,False,below_min_score
Houston City College,UCwHm1fTMp6kfNN9owU62LYQ,QbD1qw3YdRk,"HCCTV Up To The Minute: March 24, 2025",2025-03-25T03:29:58+00:00,-5,False,0,True,below_min_score
Houston City College,UCwHm1fTMp6kfNN9owU62LYQ,B1CZ01vGyQw,HCC offers Senior Citizen Exemption program,2025-03-24T21:17:10+00:00,0,False,0,False,below_min_score
Houston City College,UCwHm1fTMp6kfNN9owU62LYQ,dvsnqTZ48gQ,HCC offers K-Start: Korean Culture & Language Lesson class  #houstoncommunitycollege #shorts #hcc,2025-03-24T18:52:45+00:00,-5,False,0,True,below_min_score
Houston City College,UCwHm1fTMp6kfNN9owU62LYQ,rPmT4s1dwiU,HCC to host Scripps Regional Spelling Bee March 22 at WHI #spellingbee  #houstoncommunitycollege,2025-03-21T19:48:20+00:00,0,False,0,False,below_min_score
Houston City College,UCwHm1fTMp6kfNN9owU62LYQ,9pnLFpdYn_M,"HCCTV Up To The Minute: March 21, 2025",2025-03-21T16:15:39+00:00,0,False,0,False,below_min_score
Houston City College,UCwHm1fTMp6kfNN9owU62LYQ,VSSuZgjWCzY,HCC hosts Faith Community Partnership Breakfast at Southwest College's Brays Oaks Campus,2025-03-21T15:01:32+00:00,0,False,0,False,below_min_score
Houston City College,UCwHm1fTMp6kfNN9owU62LYQ,gMa7GTy0SHE,Career Planning & Job Placement Services hosts AI Career Week event at HCC Central College,2025-03-21T14:09:10+00:00,0,False,0,False,below_min_score
Houston City College,UCwHm1fTMp6kfNN9owU62LYQ,qLyowb8VfZc,The Topic – Financial Focus: Women and Finances,2025-03-21T07:31:24+00:00,0,False,0,False,below_min_score
Houston City College,UCwHm1fTMp6kfNN9owU62LYQ,mrafLr1lqGI,"HCCTV Up To The Minute: March 20, 2025",2025-03-21T03:30:30+00:00,0,False,0,False,below_min_score
Lone Star College,UCNQ1Xm47IL2MPuf1cF6IzVQ,hOFzxjEfK7g,TechConnect Laptop  Short,2025-07-01T20:57:28+00:00,0,False,0,False,below_min_score
Lone Star College,UCNQ1Xm47IL2MPuf1cF6IzVQ,EjvudAvZQRg,TechConnect Tablet Short,2025-07-01T20:57:21+00:00,0,False,0,False,below_min_score
Lone Star College,UCNQ1Xm47IL2MPuf1cF6IzVQ,l-StPKv8H6s,Missing Something? TechConnect Tablet,2025-07-01T20:33:26+00:00,0,False,0,False,below_min_score
Lone Star College,UCNQ1Xm47IL2MPuf1cF6IzVQ,bbCzshRNLws,Missing Something? TechConnect Laptop,2025-07-01T20:29:57+00:00,0,False,0,False,below_min_score
Lone Star College,UCNQ1Xm47IL2MPuf1cF6IzVQ,iJbwkcRpj04,Public Safety and Human/Consumer Services at Lone Star College,2025-06-09T18:47:56+00:00,0,False,0,False,below_min_score
Lone Star College,UCNQ1Xm47IL2MPuf1cF6IzVQ,lo2kKcRMMq8,Lone Star College Fire Science Program,2025-06-02T13:04:58+00:00,0,False,0,False,below_min_score
Lone Star College,UCNQ1Xm47IL2MPuf1cF6IzVQ,wy7fR2CccPg,Lone Star College Enrollment 2025,2025-06-02T12:16:30+00:00,0,False,0,False,below_min_score
Lone Star College,UCNQ1Xm47IL2MPuf1cF6IzVQ,cemGWYTbw9M,Step Up Show Out,2025-05-07T19:30:12+00:00,0,False,0,False,below_min_score
Lone Star College,UCNQ1Xm47IL2MPuf1cF6IzVQ,tNHw3wZZqgE,LHS24 25 Closing Video,2025-04-14T13:29:20+00:00,0,False,0,False,below_min_score
